indicator,geo,year,value,flag,dataset,nace_r2,code,series
birth_rate,BG,2008,18.17,,bd_9bd_sz_cl_r2,B-N_X_K642,V97020,2004-2020
birth_rate,BG,2009,17.62,,bd_9bd_sz_cl_r2,B-N_X_K642,V97020,2004-2020
birth_rate,BG,2010,11.39,,bd_9bd_sz_cl_r2,B-N_X_K642,V97020,2004-2020
birth_rate,BG,2011,10.96,,bd_9bd_sz_cl_r2,B-N_X_K642,V97020,2004-2020
birth_rate,BG,2012,13.02,,bd_9bd_sz_cl_r2,B-N_X_K642,V97020,2004-2020
birth_rate,BG,2013,11.93,,bd_9bd_sz_cl_r2,B-N_X_K642,V97020,2004-2020
birth_rate,BG,2014,11.82,,bd_9bd_sz_cl_r2,B-N_X_K642,V97020,2004-2020
birth_rate,BG,2015,11.9,,bd_9bd_sz_cl_r2,B-N_X_K642,V97020,2004-2020
birth_rate,BG,2016,12.48,,bd_9bd_sz_cl_r2,B-N_X_K642,V97020,2004-2020
birth_rate,BG,2017,12.0,,bd_9bd_sz_cl_r2,B-N_X_K642,V97020,2004-2020
birth_rate,BG,2018,11.34,,bd_9bd_sz_cl_r2,B-N_X_K642,V97020,2004-2020
birth_rate,BG,2019,11.37,,bd_9bd_sz_cl_r2,B-N_X_K642,V97020,2004-2020
birth_rate,BG,2020,9.05,,bd_9bd_sz_cl_r2,B-N_X_K642,V97020,2004-2020
birth_rate,BG,2021,10.03,,bd_size,B-S_X_O_S94,ENT_BRTHR_PC:TOTAL,2021+
birth_rate,BG,2022,10.01,,bd_size,B-S_X_O_S94,ENT_BRTHR_PC:TOTAL,2021+
birth_rate,BG,2023,10.72,,bd_size,B-S_X_O_S94,ENT_BRTHR_PC:TOTAL,2021+
birth_rate,BG,2024,10.44,,bd_size,B-S_X_O_S94,ENT_BRTHR_PC:TOTAL,2021+
birth_rate,EU27_2020,2012,8.98,,bd_9bd_sz_cl_r2,B-N_X_K642,V97020,2004-2020
birth_rate,EU27_2020,2013,9.07,,bd_9bd_sz_cl_r2,B-N_X_K642,V97020,2004-2020
birth_rate,EU27_2020,2014,9.43,,bd_9bd_sz_cl_r2,B-N_X_K642,V97020,2004-2020
birth_rate,EU27_2020,2015,9.11,,bd_9bd_sz_cl_r2,B-N_X_K642,V97020,2004-2020
birth_rate,EU27_2020,2016,9.26,,bd_9bd_sz_cl_r2,B-N_X_K642,V97020,2004-2020
birth_rate,EU27_2020,2017,9.26,,bd_9bd_sz_cl_r2,B-N_X_K642,V97020,2004-2020
birth_rate,EU27_2020,2018,9.69,,bd_9bd_sz_cl_r2,B-N_X_K642,V97020,2004-2020
birth_rate,EU27_2020,2019,10.01,,bd_9bd_sz_cl_r2,B-N_X_K642,V97020,2004-2020
birth_rate,EU27_2020,2020,8.85,,bd_9bd_sz_cl_r2,B-N_X_K642,V97020,2004-2020
birth_rate,EU27_2020,2021,10.79,,bd_size,B-S_X_O_S94,ENT_BRTHR_PC:TOTAL,2021+
birth_rate,EU27_2020,2022,10.52,,bd_size,B-S_X_O_S94,ENT_BRTHR_PC:TOTAL,2021+
birth_rate,EU27_2020,2023,10.46,,bd_size,B-S_X_O_S94,ENT_BRTHR_PC:TOTAL,2021+
churn,BG,2008,31.23,,bd_9bd_sz_cl_r2,B-N_X_K642,V97015,2004-2020
churn,BG,2009,25.49,,bd_9bd_sz_cl_r2,B-N_X_K642,V97015,2004-2020
churn,BG,2010,19.31,,bd_9bd_sz_cl_r2,B-N_X_K642,V97015,2004-2020
churn,BG,2011,23.21,,bd_9bd_sz_cl_r2,B-N_X_K642,V97015,2004-2020
churn,BG,2012,23.99,,bd_9bd_sz_cl_r2,B-N_X_K642,V97015,2004-2020
churn,BG,2013,22.18,,bd_9bd_sz_cl_r2,B-N_X_K642,V97015,2004-2020
churn,BG,2014,22.05,,bd_9bd_sz_cl_r2,B-N_X_K642,V97015,2004-2020
churn,BG,2015,22.18,,bd_9bd_sz_cl_r2,B-N_X_K642,V97015,2004-2020
churn,BG,2016,24.41,,bd_9bd_sz_cl_r2,B-N_X_K642,V97015,2004-2020
churn,BG,2017,22.25,,bd_9bd_sz_cl_r2,B-N_X_K642,V97015,2004-2020
churn,BG,2018,23.01,,bd_9bd_sz_cl_r2,B-N_X_K642,V97015,2004-2020
churn,BG,2019,24.02,p,bd_9bd_sz_cl_r2,B-N_X_K642,V97015,2004-2020
churn,BG,2020,23.69,p,bd_9bd_sz_cl_r2,B-N_X_K642,V97015,2004-2020
churn,BG,2021,18.33,,bd_size,B-S_X_O_S94,ENT_BRTHR_DTHR_PC:TOTAL,2021+
churn,BG,2022,18.34,,bd_size,B-S_X_O_S94,ENT_BRTHR_DTHR_PC:TOTAL,2021+
churn,BG,2023,18.67,p,bd_size,B-S_X_O_S94,ENT_BRTHR_DTHR_PC:TOTAL,2021+
churn,BG,2024,25.43,p,bd_size,B-S_X_O_S94,ENT_BRTHR_DTHR_PC:TOTAL,2021+
churn,EU27_2020,2018,16.78,,bd_9bd_sz_cl_r2,B-N_X_K642,V97015,2004-2020
churn,EU27_2020,2019,18.07,,bd_9bd_sz_cl_r2,B-N_X_K642,V97015,2004-2020
churn,EU27_2020,2020,16.07,u,bd_9bd_sz_cl_r2,B-N_X_K642,V97015,2004-2020
churn,EU27_2020,2021,18.55,,bd_size,B-S_X_O_S94,ENT_BRTHR_DTHR_PC:TOTAL,2021+
churn,EU27_2020,2022,18.9,,bd_size,B-S_X_O_S94,ENT_BRTHR_DTHR_PC:TOTAL,2021+
churn,EU27_2020,2023,18.97,p,bd_size,B-S_X_O_S94,ENT_BRTHR_DTHR_PC:TOTAL,2021+
death_rate,BG,2008,13.07,,bd_9bd_sz_cl_r2,B-N_X_K642,V97030,2004-2020
death_rate,BG,2009,7.87,,bd_9bd_sz_cl_r2,B-N_X_K642,V97030,2004-2020
death_rate,BG,2010,7.92,,bd_9bd_sz_cl_r2,B-N_X_K642,V97030,2004-2020
death_rate,BG,2011,12.25,,bd_9bd_sz_cl_r2,B-N_X_K642,V97030,2004-2020
death_rate,BG,2012,10.97,,bd_9bd_sz_cl_r2,B-N_X_K642,V97030,2004-2020
death_rate,BG,2013,10.26,,bd_9bd_sz_cl_r2,B-N_X_K642,V97030,2004-2020
death_rate,BG,2014,10.23,,bd_9bd_sz_cl_r2,B-N_X_K642,V97030,2004-2020
death_rate,BG,2015,10.28,,bd_9bd_sz_cl_r2,B-N_X_K642,V97030,2004-2020
death_rate,BG,2016,11.93,,bd_9bd_sz_cl_r2,B-N_X_K642,V97030,2004-2020
death_rate,BG,2017,10.25,,bd_9bd_sz_cl_r2,B-N_X_K642,V97030,2004-2020
death_rate,BG,2018,11.66,,bd_9bd_sz_cl_r2,B-N_X_K642,V97030,2004-2020
death_rate,BG,2019,12.65,p,bd_9bd_sz_cl_r2,B-N_X_K642,V97030,2004-2020
death_rate,BG,2020,14.64,p,bd_9bd_sz_cl_r2,B-N_X_K642,V97030,2004-2020
death_rate,BG,2021,8.3,,bd_size,B-S_X_O_S94,ENT_DTHR_PC:TOTAL,2021+
death_rate,BG,2022,8.33,,bd_size,B-S_X_O_S94,ENT_DTHR_PC:TOTAL,2021+
death_rate,BG,2023,7.95,p,bd_size,B-S_X_O_S94,ENT_DTHR_PC:TOTAL,2021+
death_rate,BG,2024,14.99,p,bd_size,B-S_X_O_S94,ENT_DTHR_PC:TOTAL,2021+
death_rate,EU27_2020,2012,8.63,,bd_9bd_sz_cl_r2,B-N_X_K642,V97030,2004-2020
death_rate,EU27_2020,2013,8.42,,bd_9bd_sz_cl_r2,B-N_X_K642,V97030,2004-2020
death_rate,EU27_2020,2014,7.9,de,bd_9bd_sz_cl_r2,B-N_X_K642,V97030,2004-2020
death_rate,EU27_2020,2015,7.5,de,bd_9bd_sz_cl_r2,B-N_X_K642,V97030,2004-2020
death_rate,EU27_2020,2016,7.61,,bd_9bd_sz_cl_r2,B-N_X_K642,V97030,2004-2020
death_rate,EU27_2020,2018,7.09,,bd_9bd_sz_cl_r2,B-N_X_K642,V97030,2004-2020
death_rate,EU27_2020,2019,8.06,,bd_9bd_sz_cl_r2,B-N_X_K642,V97030,2004-2020
death_rate,EU27_2020,2020,7.22,u,bd_9bd_sz_cl_r2,B-N_X_K642,V97030,2004-2020
death_rate,EU27_2020,2021,7.76,,bd_size,B-S_X_O_S94,ENT_DTHR_PC:TOTAL,2021+
death_rate,EU27_2020,2022,8.38,,bd_size,B-S_X_O_S94,ENT_DTHR_PC:TOTAL,2021+
death_rate,EU27_2020,2023,8.51,p,bd_size,B-S_X_O_S94,ENT_DTHR_PC:TOTAL,2021+
survival_3y,BG,2008,54.73,,bd_9bd_sz_cl_r2,B-N_X_K642,V97043,2004-2020
survival_3y,BG,2009,56.08,,bd_9bd_sz_cl_r2,B-N_X_K642,V97043,2004-2020
survival_3y,BG,2010,59.74,,bd_9bd_sz_cl_r2,B-N_X_K642,V97043,2004-2020
survival_3y,BG,2011,60.28,,bd_9bd_sz_cl_r2,B-N_X_K642,V97043,2004-2020
survival_3y,BG,2012,56.69,,bd_9bd_sz_cl_r2,B-N_X_K642,V97043,2004-2020
survival_3y,BG,2013,55.36,,bd_9bd_sz_cl_r2,B-N_X_K642,V97043,2004-2020
survival_3y,BG,2014,58.34,,bd_9bd_sz_cl_r2,B-N_X_K642,V97043,2004-2020
survival_3y,BG,2015,59.69,,bd_9bd_sz_cl_r2,B-N_X_K642,V97043,2004-2020
survival_3y,BG,2016,58.75,,bd_9bd_sz_cl_r2,B-N_X_K642,V97043,2004-2020
survival_3y,BG,2017,56.35,,bd_9bd_sz_cl_r2,B-N_X_K642,V97043,2004-2020
survival_3y,BG,2018,56.67,,bd_9bd_sz_cl_r2,B-N_X_K642,V97043,2004-2020
survival_3y,BG,2019,55.82,,bd_9bd_sz_cl_r2,B-N_X_K642,V97043,2004-2020
survival_3y,BG,2020,54.27,,bd_9bd_sz_cl_r2,B-N_X_K642,V97043,2004-2020
survival_3y,BG,2024,61.6,,bd_size,B-S_X_O_S94,ENT_SRVLR_BRTH_PC:Y3,2021+
survival_3y,EU27_2020,2015,55.85,,bd_9bd_sz_cl_r2,B-N_X_K642,V97043,2004-2020
survival_3y,EU27_2020,2016,57.19,,bd_9bd_sz_cl_r2,B-N_X_K642,V97043,2004-2020
survival_3y,EU27_2020,2017,57.6,,bd_9bd_sz_cl_r2,B-N_X_K642,V97043,2004-2020
survival_3y,EU27_2020,2018,58.51,,bd_9bd_sz_cl_r2,B-N_X_K642,V97043,2004-2020
survival_3y,EU27_2020,2019,58.49,,bd_9bd_sz_cl_r2,B-N_X_K642,V97043,2004-2020
survival_3y,EU27_2020,2020,58.5,,bd_9bd_sz_cl_r2,B-N_X_K642,V97043,2004-2020
survival_5y,BG,2009,44.15,,bd_9bd_sz_cl_r2,B-N_X_K642,V97045,2004-2020
survival_5y,BG,2010,43.36,,bd_9bd_sz_cl_r2,B-N_X_K642,V97045,2004-2020
survival_5y,BG,2011,43.87,,bd_9bd_sz_cl_r2,B-N_X_K642,V97045,2004-2020
survival_5y,BG,2012,47.14,,bd_9bd_sz_cl_r2,B-N_X_K642,V97045,2004-2020
survival_5y,BG,2013,47.18,,bd_9bd_sz_cl_r2,B-N_X_K642,V97045,2004-2020
survival_5y,BG,2014,45.03,,bd_9bd_sz_cl_r2,B-N_X_K642,V97045,2004-2020
survival_5y,BG,2015,44.0,,bd_9bd_sz_cl_r2,B-N_X_K642,V97045,2004-2020
survival_5y,BG,2016,46.29,,bd_9bd_sz_cl_r2,B-N_X_K642,V97045,2004-2020
survival_5y,BG,2017,46.19,,bd_9bd_sz_cl_r2,B-N_X_K642,V97045,2004-2020
survival_5y,BG,2018,45.16,,bd_9bd_sz_cl_r2,B-N_X_K642,V97045,2004-2020
survival_5y,BG,2019,43.39,,bd_9bd_sz_cl_r2,B-N_X_K642,V97045,2004-2020
survival_5y,BG,2020,43.11,,bd_9bd_sz_cl_r2,B-N_X_K642,V97045,2004-2020
survival_5y,EU27_2020,2017,44.02,,bd_9bd_sz_cl_r2,B-N_X_K642,V97045,2004-2020
survival_5y,EU27_2020,2018,44.96,,bd_9bd_sz_cl_r2,B-N_X_K642,V97045,2004-2020
survival_5y,EU27_2020,2019,45.07,,bd_9bd_sz_cl_r2,B-N_X_K642,V97045,2004-2020
survival_5y,EU27_2020,2020,46.13,,bd_9bd_sz_cl_r2,B-N_X_K642,V97045,2004-2020
